{
    "name": "root",
    "gauges": {
        "Badminton.Policy.Entropy.mean": {
            "value": 1.3890080451965332,
            "min": 1.3890080451965332,
            "max": 1.4161286354064941,
            "count": 5
        },
        "Badminton.Policy.Entropy.sum": {
            "value": 14656.8125,
            "min": 13861.595703125,
            "max": 14930.4453125,
            "count": 5
        },
        "Badminton.Step.mean": {
            "value": 49984.0,
            "min": 9984.0,
            "max": 49984.0,
            "count": 5
        },
        "Badminton.Step.sum": {
            "value": 49984.0,
            "min": 9984.0,
            "max": 49984.0,
            "count": 5
        },
        "Badminton.Policy.ExtrinsicValueEstimate.mean": {
            "value": 3144.147216796875,
            "min": -3588.12255859375,
            "max": 3144.147216796875,
            "count": 5
        },
        "Badminton.Policy.ExtrinsicValueEstimate.sum": {
            "value": 493631.125,
            "min": -559747.125,
            "max": 493631.125,
            "count": 5
        },
        "Badminton.Losses.PolicyLoss.mean": {
            "value": 0.24573251055881218,
            "min": 0.24573251055881218,
            "max": 0.25123483295622884,
            "count": 5
        },
        "Badminton.Losses.PolicyLoss.sum": {
            "value": 14.006753101852293,
            "min": 13.806796130166159,
            "max": 14.320385478505045,
            "count": 5
        },
        "Badminton.Losses.ValueLoss.mean": {
            "value": 73560.54141626648,
            "min": 73560.54141626648,
            "max": 1030110.9226256587,
            "count": 5
        },
        "Badminton.Losses.ValueLoss.sum": {
            "value": 4192950.860727189,
            "min": 4192950.860727189,
            "max": 58716322.589662544,
            "count": 5
        },
        "Badminton.Policy.LearningRate.mean": {
            "value": 0.0002729899879507087,
            "min": 0.0002729899879507087,
            "max": 0.0002969616852232982,
            "count": 5
        },
        "Badminton.Policy.LearningRate.sum": {
            "value": 0.015560429313190398,
            "min": 0.015560429313190398,
            "max": 0.016926816057727997,
            "count": 5
        },
        "Badminton.Policy.Epsilon.mean": {
            "value": 0.1909966596491228,
            "min": 0.1909966596491228,
            "max": 0.19898722807017544,
            "count": 5
        },
        "Badminton.Policy.Epsilon.sum": {
            "value": 10.8868096,
            "min": 10.8868096,
            "max": 11.342272,
            "count": 5
        },
        "Badminton.Policy.Beta.mean": {
            "value": 0.0005000000000000001,
            "min": 0.0005000000000000001,
            "max": 0.0005000000000000001,
            "count": 5
        },
        "Badminton.Policy.Beta.sum": {
            "value": 0.028500000000000004,
            "min": 0.028000000000000004,
            "max": 0.028500000000000004,
            "count": 5
        },
        "Badminton.IsTraining.mean": {
            "value": 1.0,
            "min": 1.0,
            "max": 1.0,
            "count": 5
        },
        "Badminton.IsTraining.sum": {
            "value": 1.0,
            "min": 1.0,
            "max": 1.0,
            "count": 5
        }
    },
    "metadata": {
        "timer_format_version": "0.1.0",
        "start_time_seconds": "1747770285",
        "python_version": "3.10.11 (tags/v3.10.11:7d4cc5a, Apr  5 2023, 00:38:17) [MSC v.1929 64 bit (AMD64)]",
        "command_line_arguments": "C:\\Users\\colin\\AppData\\Local\\Programs\\Python\\Python310\\Scripts\\mlagents-learn badminton_config.yaml --run-id=Badminton --force",
        "mlagents_version": "1.2.0.dev0",
        "mlagents_envs_version": "1.2.0.dev0",
        "communication_protocol_version": "1.5.0",
        "pytorch_version": "2.7.0+cpu",
        "numpy_version": "1.23.5",
        "end_time_seconds": "1747770965"
    },
    "total": 680.2138948999927,
    "count": 1,
    "self": 0.013179600005969405,
    "children": {
        "run_training.setup": {
            "total": 0.10451789997750893,
            "count": 1,
            "self": 0.10451789997750893
        },
        "TrainerController.start_learning": {
            "total": 680.0961974000093,
            "count": 1,
            "self": 1.3019294954719953,
            "children": {
                "TrainerController._reset_env": {
                    "total": 20.32756559998961,
                    "count": 1,
                    "self": 20.32756559998961
                },
                "TrainerController.advance": {
                    "total": 657.9332260045339,
                    "count": 38441,
                    "self": 1.2679136052611284,
                    "children": {
                        "env_step": {
                            "total": 395.0969323015306,
                            "count": 38441,
                            "self": 325.16300880227936,
                            "children": {
                                "SubprocessEnvManager._take_step": {
                                    "total": 69.04953019501409,
                                    "count": 38441,
                                    "self": 4.172453197650611,
                                    "children": {
                                        "TorchPolicy.evaluate": {
                                            "total": 64.87707699736347,
                                            "count": 38441,
                                            "self": 64.87707699736347
                                        }
                                    }
                                },
                                "workers": {
                                    "total": 0.8843933042371646,
                                    "count": 38440,
                                    "self": 0.0,
                                    "children": {
                                        "worker_root": {
                                            "total": 664.3735313028446,
                                            "count": 38440,
                                            "is_parallel": true,
                                            "self": 410.44918369932566,
                                            "children": {
                                                "steps_from_proto": {
                                                    "total": 0.000866499962285161,
                                                    "count": 1,
                                                    "is_parallel": true,
                                                    "self": 8.430000161752105e-05,
                                                    "children": {
                                                        "_process_rank_one_or_two_observation": {
                                                            "total": 0.00078219996066764,
                                                            "count": 2,
                                                            "is_parallel": true,
                                                            "self": 0.00078219996066764
                                                        }
                                                    }
                                                },
                                                "UnityEnvironment.step": {
                                                    "total": 253.9234811035567,
                                                    "count": 38440,
                                                    "is_parallel": true,
                                                    "self": 3.4031408046139404,